{"cameraMode":{"drawMode":0,"name":"Shaded","section":"Shading Mode"},"sceneLighting":true,"audioPlay":false,"sceneViewState":{"showFog":true,"showMaterialUpdate":false,"showSkybox":true,"showFlares":true,"showImageEffects":true,"showParticleSystems":true,"showVisualEffectGraphs":true,"m_FxEnabled":true},"in2DMode":false,"pivot":{"x":-0.22226841747760774,"y":1.5002384185791016,"z":0.8024507761001587},"rotation":{"x":0.13161709904670716,"y":0.0008903385605663061,"z":-0.00011822418309748173,"w":0.9913009405136108},"size":0.24826866388320924,"orthographic":false}