{"cameraMode":{"drawMode":0,"name":"Shaded","section":"Shading Mode"},"sceneLighting":true,"audioPlay":false,"sceneViewState":{"showFog":true,"showMaterialUpdate":false,"showSkybox":true,"showFlares":true,"showImageEffects":true,"showParticleSystems":true,"showVisualEffectGraphs":true,"m_FxEnabled":true},"in2DMode":false,"pivot":{"x":-0.10371653735637665,"y":1.481215238571167,"z":2.2522220611572267},"rotation":{"x":0.12115958333015442,"y":0.02620142325758934,"z":-0.003200053470209241,"w":0.9922877550125122},"size":2.0252387523651125,"orthographic":false}