{"cameraMode":{"drawMode":0,"name":"Shaded","section":"Shading Mode"},"sceneLighting":true,"audioPlay":false,"sceneViewState":{"showFog":true,"showMaterialUpdate":false,"showSkybox":true,"showFlares":true,"showImageEffects":true,"showParticleSystems":true,"showVisualEffectGraphs":true,"m_FxEnabled":true},"in2DMode":false,"pivot":{"x":0.9580000042915344,"y":1.3940000534057618,"z":0.26600000262260439},"rotation":{"x":-0.0749482661485672,"y":-0.08754032850265503,"z":0.006606913171708584,"w":-0.9933249950408936},"size":0.21074038743972779,"orthographic":false}