{"cameraMode":{"drawMode":0,"name":"Shaded","section":"Shading Mode"},"sceneLighting":true,"audioPlay":false,"sceneViewState":{"showFog":true,"showMaterialUpdate":false,"showSkybox":true,"showFlares":true,"showImageEffects":true,"showParticleSystems":true,"showVisualEffectGraphs":true,"m_FxEnabled":true},"in2DMode":false,"pivot":{"x":-2.9454891681671144,"y":1.6578633785247803,"z":2.1715993881225588},"rotation":{"x":0.059142351150512698,"y":0.16484680771827699,"z":-0.00989566184580326,"w":0.9845218062400818},"size":2.8952460289001467,"orthographic":false}